Roll No#,Name,Marks
19014156-003,Abdul Rafay,89
19014156-005,Hamza Nazir,76
19014156-006,Saira Mazhar,69.5
19014156-007,Mahnoor,79.3
19014156-008,Usama Iqbal,90.5
19014156-011,M.Sulaman,55.3
19014156-012,Abdullah Mushtaq,64
19014156-014,Khush Bakhat,59.5
19014156-015,Hashim javed,40
19014156-016,Ibrahim Raja,54.5
19014156-017,M.Abdullah,72
19014156-018,Tayyab Aman,92
19014156-019,Humayun Saeed,81
19014156-022,Abobakar,82
19014156-025,Hamza Babar,89
19014156-028,Ehtisham Riaz,76
19014156-029,Ibtisaam Tayyab,69.5
19014156-030,ShahJahan,79.3
19014156-031,Roshan Zawar Jarral,90.5
19014156-032,Abdul Rehman jami,55.3
19014156-035,Kashif Shahid ,64
19014156-036,Hamza Rasheed ,59.5
19014156-037,Sohaib Hassan,40
19014156-038,Ayesha Gull,54.5
19014156-039,Abdul muqeet ,72
19014156-040,Touseeq Haider,92
19014156-043,Tayyab Nawaz Butt,81
19014156-049,Abubakar ,82
19014156-050,Usman Saleem,64
19014156-058,Saad Ali,59.5
19014156-060,Fasi ur Rehman ,40
19014156-061,Sundas Fatima,54.5
19014156-062,Hamza Parvez ,72
19014156-067,Bushra Rehman,92
19014156-068,Javairia Aslam ,81
19014156-071,M.Usama Mehmood ,82
19014156-072,Zarbab Farooq,79.3
19014156-079,Maham Mujahid Butt,90.5
19014156-080,Afnan Ahmed ,55.3
19814156-001,Dura Addan ,64
19814156-002,Laraib Iqbal ,59.5
19814156-003,M.Areeb Ahmed Gondal,72
19814156-004,Kaif Ahmad Kaify,92
19814156-006,Esha Noor,81
19814156-008,Syed Shabi ul Hassan,82
19814156-009,Sajjad Ahmed,79.3
19814156-010,Amir Sohail,43
